<?xml version="1.0" encoding="UTF-8" ?>
<!DOCTYPE mapper
        PUBLIC "-//mybatis.org//DTD Mapper 3.0//EN"
        "http://mybatis.org/dtd/mybatis-3-mapper.dtd">
<mapper namespace="com.yfx.spring.boot.dao.UserMapper">

    <!--根据用户名查询用户信息 -->
    <select id="findByName" resultType="User">
        select * from user where uname = #{uname}
    </select>
    <!--查询所有用户信息 -->
    <select id="findAll" resultType="User">
        select * from user
    </select>
    <!--添加用户-->
    <insert id="add" parameterType="User" useGeneratedKeys="true">
        insert into user values(null, #{uname},#{upwd},#{email},#{phone},#{createtime});
    </insert>
    <!-- 分页查询 -->
    <select id="pageList" resultType="User">
        select * from user LIMIT #{page}, #{limit}
    </select>

    <!-- 删除 -->
    <delete id="delete">
        delete from user where uid = #{uid}
    </delete>
    <!-- -->
    <!-- -->

</mapper>